Record Number,Display_ID,Title,Seating Type,Context (Primary),Context - Secondary,Origin System,Current System (multi-select),Environment,Country,State,City,Site Type,Materials,Visibility,Duration,Posture,Body State,Observations,Thumbnail,Web Status,Slug,Latitude,Longitude,Readymag_URL,Map_Label,Featured,Caption
1,SS-001,"Informal Armchair Arrangement, Sidewalk",armchair,Waiting,"informal,public",domestic,commercial,outdoor,Argentina,,Buenos Aires,sidewalk,"upholstered textile,wood",usable,variable,upright,"stabilized,relaxed","A pair of upholstered armchairs and a small table are positioned on a rug directly within the sidewalk, forming a temporary domestic zone in public space. The grouping imports the visual and social language of the living room into the street, offering comfort, pause, and conversation where movement would normally dominate. Its placement destabilizes the boundary between private interiority and public thoroughfare, making domestic space briefly visible as an improvised urban condition.",IMG_7054.jpeg (https://v5.airtableusercontent.com/v3/u/56/56/1787947200000/Glc77HhXc39GRgmV5va9MQ/FqOBAiA2bPPhxc6cr74mYT6YG6F3IeuGhZAnQW1HgXu0I-85R168Rm4DjAxw-odkP6O0R7BSCSERFvw6wsZsSBQ2hWn4axMHfQlIaEFqDkUIGgJ_6LPF6jXc3kHlKqjvczD3jov79yKLv6V1m3pRTEj3wXKR0I2orRJRkZuiSfo/TPggqT-KxwEPkS_DkU6VQrqGAa7Sc1X2Oz0mLIxb3Pw),Public,"ss-001-informal-armchair-arrangement,-sidewalk",-34.585687,-58.429375,https://sittingsystems.org/ss-001/,"SS-001 — Informal Armchair Arrangement, Sidewalk",Yes,Photographic record of improvised domestic seating arrangement on sidewalk.
2,SS-002,"Child-Sized Chair, Private Residence",child-sized domestic side chair,Resting,"private,domestic",domestic,domestic,indoor,United States,Illinois,Chicago,private residence,"carved wood,upholstered textile",usable,brief,"upright,disciplined",constrained,"This child-sized side chair reproduces the formal language of adult domestic furniture in miniature. Its carved crest rail, upright back, and upholstered check seat soften the object’s disciplinary function by lending it familiarity. Scale operates as the primary regulatory device, training posture and placement through proportion and introducing the child to domestic codes of order, restraint, and presentation.",IMG_5235.jpeg (https://v5.airtableusercontent.com/v3/u/56/56/1787947200000/AuICmUUubOnxMhv_uZeDlg/zzYGZWWa8RasrBJFKD3LDDoWi-NmFzftofQaoLeUZGOU5aBMxqRKq6oj8yiHBJhRkcSnG6fWiDjo2942jgPKTJrc27frbQKzPWekb2pAd0p7Q5Tu4CxDCLYNkb5tRKHBZ-pWhubHfPKkcb-aTj4agy8QISXtnbEpYHbLzOJEfYM/YkOuNrPbrOtgGcZe3-l_4OPUw9Cqw9vAYsKsHbpYi1U),Public,"ss-002-child-sized-chair,-private-residence",41.880000,-87.779600,https://sittingsystems.org/ss-002/,"SS-002 — Child-Sized Chair, Private Residence",,Photographic record of child-sized side chair in domestic interior.
3,SS-003,"Decorative Side Chair, Outdoor Market",side chair,Display,"transitional,resale",domestic,commercial,outdoor,France,,Paris,market,"wood,upholstered textile",usable,suspended,upright,attentive,"The chair’s needlepoint-style upholstered seat shifts emphasis from comfort to visual narrative. Before it is encountered as seating, it presents itself as decorated object. In the market setting, domestic ornament becomes commodity, and the act of sitting is momentarily deferred by the demand to look.",SS-003.jpeg (https://v5.airtableusercontent.com/v3/u/56/56/1787947200000/r_OaVGqQzgc1dPSJVVf0Yw/rZWJJzo9E5ORc2u9CnP7FdeBL40G2HQXJk7j7lQtVbbk2Ns3ytSrmD2fejuQhvO6SLVDGZ9mlCyNvnQsEY1R79ZkRYnK5zNvvedcdrsypA8Hag__D0PxMKEbhHlbO_FlIT3MZ_Z32p3-aUSPhSqmJ3Blmu51es21WG4v7V1VihU/h7kyAKeGbLGZvAxKU3bLjDtQfqD201Zit7DgPsYXUOc),Public,"ss-003-decorative-side-chair,-outdoor-market",48.901753,2.341620,https://sittingsystems.org/ss-003/,"SS-003 — Decorative Side Chair, Outdoor Market",,Photographic record of side chair with figural needlepoint-style upholstery in market setting.
4,SS-004,Ceremonial Upholstered Chair — Louvre Interior,ceremonial upholstered chair,Display,"collective,public","ceremonial,domestic",insitutional,indoor,France,,Paris,museum,"upholstered fabric,gilded detailing,carved wood",controlled,suspended,upright,"self-conscious,restrained,attentive","Ceremonial upholstered seating preserved within the Napoleon III Apartments at the Louvre, a Second Empire interior created in 1861 for Napoleon III’s Minister of State. Designed for elite reception rather than informal rest, the chair participates in a larger decorative system in which gilding, upholstery, and controlled spacing organize visibility and social order. In the museum setting, its original function survives as atmosphere and historical display while bodily use is suspended.",SS-004.jpeg (https://v5.airtableusercontent.com/v3/u/56/56/1787947200000/hr39J9dg9BFPLb8geEuZ-g/mJNaRtTJp7vP9QzUBs8vZpZ7pKld43I56KHUkPa0kIfMN04s8eNtzcRlLiBardaKco8dJRS1pLJA46y6yIYPNG61n4GwjFpCcig4YZNRgrdev4NpO8HtWVKlY8LEQf_02Dtz0JkUo2ufkKLvzx4XPJzZB3dRCP8_ygZPoqt1YCI/Z-CuGCZwnhQRWnQMBKBx0oO_SnCjBgPyR4kIGFytTvQ),Public,ss-004-ceremonial-upholstered-chair---louvre-interior,48.860970,2.339405,https://sittingsystems.org/ss-004/,SS-004 — Ceremonial Upholstered Chair — Louvre Interior,,Photographic record of ceremonial upholstered seating within the Louvre’s Napoleon III Apartments.
5,SS-005,Modified Armchair — Exhibition Installation,armchair (modified),Display,"exhibition,performative",domestic,insitutional,indoor,United States,New York,Brooklyn,gallery,"wood,upholstery,organic fiber (human hair)",controlled,suspended,restricted,withheld,"A modified armchair is presented within an exhibition setting, where the addition of human hair destabilizes the boundary between furniture, body, and sculptural object. The familiar language of seating remains legible, but comfort is interrupted by a material treatment that suggests grooming, accumulation, and intimate residue. Rather than supporting the body directly, the chair stages sitting as a withheld possibility and redirects attention toward display, performance, and ritualized care.",SS-005.jpeg (https://v5.airtableusercontent.com/v3/u/56/56/1787947200000/zltnkHIwNNTbuSopCGqz6g/zyG0vlpaugQnad7aabVc8hYvpVNL_8uTlnOFTy3uemZLS0ncxCNsr5369j1HopVrW9RR28xs7G_vwJ_BsPKjVc983NyoceUi52AzieNOrCSru2Z0Ioe87hDj8v5sQDJPwYlAwklgvKmV7aGD2SUck2-Mroh7RRPdO8CKfRC3tbU/J9MGIc7Qlb6TFXXmZmXYHmqI-hIQXIH8LMoyoigKOUg),Public,ss-005-modified-armchair---exhibition-installation,40.704283,-73.985542,https://sittingsystems.org/ss-005/,SS-005 — Modified Armchair — Exhibition Installation,,Photographic record of modified seating incorporated into an exhibition installation.
6,SS-006,Painted Ladder-Back Chair — Commercial Interior,painted ladder-back chair,Waiting,retail,domestic,commercial,indoor,United States,New Jersey,Lambertville,retail,"wood,painted surface",usable,extended,upright,stabilized,"A small red chair is positioned within a retail environment, where its cracked painted finish and worn surface foreground prolonged use and material aging. The object remains legible as functional seating, yet its visual presence exceeds its practical scale. Within the shop, it contributes to an atmosphere shaped by reuse, accumulation, and the display of domestic objects as both utility and character.",SS-006.jpeg (https://v5.airtableusercontent.com/v3/u/56/56/1787947200000/8rUzG7mrTynQ3h2PzKEncg/i7D2g9i9uJhwO55FUZCZyA8T9dqw8eKNmAYciGZIkX_r5rey7ZaJAfloahHskHd5-YUcWTUycQ0cfYfZ4-Ht_AiOHJXAeXjp9JBDZoVbZS-IpnfFN1Nl579Xnhgt6hVuYzvBnXN9hpAWNcFeCO3_ITE9izrl7HUCoPoyl_4kI3Y/GbOnrFeHNz4jMO6WGbyGG1egd3ihtS37P1yXoFNcxA8),Public,ss-006-painted-ladder-back-chair---commercial-interior,40.366872,-74.944642,https://sittingsystems.org/ss-006/,SS-006 — Painted Ladder-Back Chair — Commercial Interior,,Photographic record of painted wooden seating observed in a commercial interior.
7,SS-007,Upholstered Armchair — Roadside (Winter),upholstered armchair,Waiting,"public,informal,displaced",domestic,transitional,outdoor,United States,Pennslyvania,Pocono Pines,roadside,"upholstered fabric,wood",usable,suspended,upright,deferred,"Domestic upholstered seating is displaced into unmanaged public transit space. Environmental conditions temporarily suspend use, rendering comfort hypothetical rather than accessible. The object remains structurally intact but environmentally compromised.",SS-007.jpeg (https://v5.airtableusercontent.com/v3/u/56/56/1787947200000/WYet65IsuZ5g712xnm-yBg/heWaKPTqLbG4b3VYAP-eLbnPI02AmdJvmFGSOMSgffbK48vpIKttJ89lNZlDQD5TBpC0-NmHToRLWDv3esv5vDNRfrwtCVsICOgiyMxvM1dQTf3VDqM4H-Y1CGPE-FmhQYn_Oh7YcjpM0YA3TACWKytqEgAkux4Z5BErnJz1RHc/3jZ0ga0zwrm8ktW7Gv70HP5MtxD9rYP8g1AlTonqH-I),Public,ss-007-upholstered-armchair---roadside-(winter),41.108100,-75.454900,https://sittingsystems.org/ss-007/,SS-007 — Upholstered Armchair — Roadside (Winter),,Photographic record of upholstered seating observed roadside during winter.
8,SS-008,Artist’s Step Chair — Improvised Seating,artist’s step chair,Working,"domestic,creative labor",commercial,domestic,indoor,United States,California,Los Angeles,private residence,"metal tubing,molded plastic",usable,brief,asymmetrical,"active,strained","Designed to support standing reach rather than seated rest, the object is pressed into improvised sitting. The body compensates for inadequate scale and support, remaining active rather than settled. Duration is structurally limited.",SS-008.jpeg (https://v5.airtableusercontent.com/v3/u/56/56/1787947200000/yiNz2xIFArFsMvStbDI5yA/_w7V1O1bMxc_KqpBgSg20yjUwoLhMM0s6ZqmXuU4gFegQzIFrSRgblwNljuxWw1rNQy8J448aoRYP4dZ8yQVELz5EbVJu1ri0eK98npl740OdoWDNwKvjVEHQO9rZnqhBAahCCx0pJ9GKB_XNK5Fp7Yo7SWzkYMCIXLEdHxCnu4/Ae5QF5z3GrxakWmP6lXsk7Bi-PAKLYFvcoDG_CyNb4w),Public,ss-008-artist’s-step-chair---improvised-seating,34.054900,-118.242600,https://sittingsystems.org/ss-008/,SS-008 — Artist’s Step Chair — Improvised Seating,,Photographic record of artist’s step chair used as improvised seating.
9,SS-009,Reclining Loungers — Hospitality Lawn,reclining lounger,Resting,"hospitality,leisure",commercial,commercial,outdoor,South Africa,,Umhlanga Rocks,hotel,"metal frame,upholstered cushions",usable,extended,reclined,"relaxed,stabilized","A continuous row of reclining loungers arranged in parallel, facing a shared view. Spacing and orientation are uniform. Although designed for rest, the seating prescribes how leisure is performed—alignment, duration, and relational positioning are structured. Comfort is abundant but organized.",SS-009.jpeg (https://v5.airtableusercontent.com/v3/u/56/56/1787947200000/jSuCblIK4AD-0tEnjzeELA/ntmeb3R_Qbzk48O2EUDTwlvvjWOhlgUqVk3jXCAfkZhvgSy1-_n7Z6VuX8TbMid4fbR_jw1BcIp3MiFxgte7UXcElE8GZsPHmuBlZnp0Dvv_nhOAOJjk_AIV4KxxhAHiT93cvaYexy63G6KjyRyf1gM-Gc2iE8sxFX0YU9cnF20/Tv3rCpuwP_SiRtNsJvb7udUy1zrfspYy88LyI-kmfa0),Public,ss-009-reclining-loungers---hospitality-lawn,-29.728212,31.087279,https://sittingsystems.org/ss-009/,SS-009 — Reclining Loungers — Hospitality Lawn,,Photographic record of leisure seating aligned for guest use.
10,SS-010,Ornamental Armchairs — Storefront Threshold,ornamental armchair,Display,threshold,"ceremonial,institutional",commercial,outdoor,United States,New York,Manhattan,storefront,"carved wood,gilded detailing,upholstered fabric",discouraged,brief,upright,"self-conscious,restrained","Two ornate chairs frame the threshold between street and interior. Elevated scale and decorative excess suggest ceremonial authority rather than rest. Although positioned in public space, the chairs do not invite occupation. Seating operates symbolically—signaling luxury and hierarchy—while regulating who may cross the threshold and under what posture.",SS-010.jpeg (https://v5.airtableusercontent.com/v3/u/56/56/1787947200000/2aeGqVhiw8Dq4Jyv0jsZGQ/FQSvoCMHTmOqur6BlUj8fuN5BcDFukK6HRkw2QrBWankpG-lTLTwBp1bNqQEjawuFQ_BXbTZ8WDkfUValZ5Fn6JgC9BW-K4W1VF0gXvhXUcR9BwL9zUSGKEWwgTUhxjdccVwBYEPiAEGfQ9hiYky9zK_RTDtYpVq3xLJ1o5Y55A/h2BgXA78sz-5XpPpdhDeGKB4xWbqkA-_d4l-DvbfChM),Public,ss-010-ornamental-armchairs---storefront-threshold,40.733095,-73.992675,https://sittingsystems.org/ss-010/,SS-010 — Ornamental Armchairs — Storefront Threshold,,Photographic record of ornamental seating used as storefront display.
11,SS-011,Student Desk-Chair — Classroom Synchronization,student desk-chair,Working,collective,institutional,insitutional,indoor,Sri Lanka,,Jaffna,primary school classroom,"painted wood,metal",usable,extended,"upright,forward facing","contained,attentive","The desk-chair integrates seating and work surface into a single unit, limiting bodily repositioning. Orientation is fixed toward the front of the room, aligning attention collectively. Scale and rigidity restrict lateral movement; comfort is secondary to endurance. Seating functions as a synchronizing device, holding multiple bodies in parallel states of instructional readiness.",SS_011.jpeg (https://v5.airtableusercontent.com/v3/u/56/56/1787947200000/GueeR4nFgMc_YlhHbpA-JQ/cDR1OXt8HQ8VPIR0pMhb-fdv_gbMXpVENbOyAtgCMVxIvKWXPsOwNbjgTt1uyO0FYT72Ak9PTjR71GtdEmEeI_Gm0rXcsGWOMLFrM1uTYIAlVOqeth95g5sNymhVlmavXCeEFH4xmC2WWQTg2qEnshICQ59xIjCkg-EbLx3Qk7E/K3h-0rSeL_lTXWyEV-kBoeHaANtNLBmE67VBCp3ILuA),Public,ss-011-student-desk-chair---classroom-synchronization,9.660600,80.011700,https://sittingsystems.org/ss-011/,SS-011 — Student Desk-Chair — Classroom Synchronization,,Photographic record of classroom seating during instructional time.
12,SS-012,Lakeside Armchairs — Horizon-Oriented Rest,outdoor armchair,Resting,private,domestic,domestic,outdoor,United States,Wisconsin,,private lakeside residence,"painted wood,fabric",usable,extended,reclined,"relaxed,unregulated","Seating oriented toward a fixed horizon encourages sustained stillness. The body is permitted to remain without instruction, endpoint, or display.",SS-012.jpeg (https://v5.airtableusercontent.com/v3/u/56/56/1787947200000/dOkH8oZJeAt2ES6QMP-ZHQ/SM5JnrbNEFU51r2wHyFxjqz_snlpkJDTItztpoKkFAdRRLqaH7a55aTYXWHQRvPPP5NfLZPGdugjxk96riB2oglbKKWIHMbbe462-ax3o296oF1uNuLT5v9ZYV2faEO5HeRfMEpVjGIUK3gYWBSSyE2YmuPWRKtcqD85jWm2qfA/sxAitx0rTivlYjX-RGhyioUuVhq_D97dtWLIZxvnPlU),Public,ss-012-lakeside-armchairs---horizon-oriented-rest,43.784400,-88.787900,https://sittingsystems.org/ss-012/,SS-012 — Lakeside Armchairs — Horizon-Oriented Rest,,Photographic record of lakeside balcony seating.
13,SS-013,Dining Chairs (Matched Set) — Domestic Displacement,dining chair,Waiting,displaced,domestic,transitional,outdoor,United States,New Jersey,Lambertville,residential curbside / exterior,"wood,upholstered fabric",usable,suspended,upright,"anticipatory,neutral","A matched set of dining chairs positioned outdoors after removal from their intended interior setting. Designed for shared domestic gathering, they remain oriented toward collective use while temporarily suspending it. The arrangement preserves social possibility, but shifts it into a provisional condition between abandonment, pickup, and reassignment.",SS-013.jpeg (https://v5.airtableusercontent.com/v3/u/56/56/1787947200000/g-ZoaFmdDcGArL0oEFPJDA/4mob6HAUuQ-GjCe4w2HrSRKc8l8Xnk-YMqycAozIZBkrgm2QnW53prXUaZWommTCPBdeq-AiJybgCuOrUzQrc3KeMFDitPvMzx1fYU4T6kCVuQfcgZdq1z-heiyyn_dQ7etKXmzAdBjifGFZdBzZBdEkB0OQC3_SZ1bDkEFYv6I/t7uKW42nxyTjNoXjZmmRwYEzGgcPILT0Ajl2YB5v2vI),Public,ss-013-dining-chairs-(matched-set)---domestic-displacement,40.366100,-74.942800,https://sittingsystems.org/ss-013/,SS-013 — Dining Chairs (Matched Set) — Domestic Displacement,Yes,Photographic record of dining chairs displaced from domestic interior to curbside exterior.
14,SS-014,Lounge Chair — Exhibition Proxy for Rest,lounge chair,Display,"exhibition,viewing,art",domestic,insitutional,indoor,United States,New York,Manhattan,gallery,"molded plastic,metal frame,wood armrest",prohibited,suspended,reclined,"self-conscious,restrained","Presented as seating but withdrawn from bodily use, the chair operates as a visual proxy for rest. Its form suggests comfort while denying occupation, integrating into the exhibition’s viewing apparatus. The object becomes something to be looked at rather than inhabited.",SS-014.jpeg (https://v5.airtableusercontent.com/v3/u/56/56/1787947200000/uICHENmYIuy_0vi9qLES2g/O3pRkYBawEan0Yi_KI2FsyMEwWtQunQqzuzVkQcVuPqR1ixlyuN7EkzgRBN8jTzhazA_vlGTSn2yu1c53kJuP_b_PBf8mUg8-PotFFp332egTOQbgj5QaxvQVaFRe88cXYo0s8sCd_m6YFmN3lXsQgFKRpPidu4CiAgabBBvHw0/vB8U5qe1-aQ8dH8DHDfLT5Ws2rq3qVL6sHZ0ioMmjnk),Public,ss-014-lounge-chair---exhibition-proxy-for-rest,40.713708,-73.994438,https://sittingsystems.org/ss-014/,SS-014 — Lounge Chair — Exhibition Proxy for Rest,,Photographic record of seating presented for viewing rather than use.
15,SS-015,Bentwood Armchair — Retail Seating,bentwood armchair,Display,retail,commercial,commercial,indoor,United States,New York,Manhattan,retail,"bentwood,cane",usable,brief,upright,"contained,stabilized","A bentwood cane armchair placed within a retail setting. Consistent with an early twentieth-century bentwood design associated with Josef Hoffmann’s model 811 “Prague” chair for Thonet. In this context, the chair holds a quiet tension between display and use, offering pause without inviting duration.",SS-015.jpeg (https://v5.airtableusercontent.com/v3/u/56/56/1787947200000/Y8IIh38ufqt5EdKWxl72OA/EoQTV2tWnC_xqdFsei8ojpGPLHVgdtTrNFjp4Dl3VVCAR79qPjOop9Pjo7BhC337_qxZU__z1-86W2YnlZ4TvBVojpYE5td7cbU07A2FLq0CGT5tDclmB8bojLDDI2tNO6umsZYH2A5ZtOE_FBqq2s5k4eKc6PrdbtPgo1Sbhok/mblzUVUYRx-wn2SWdYW5Au5e_YygvDebYSOa574qRn8),Public,ss-015-bentwood-armchair---retail-seating,40.721275,-73.996467,https://sittingsystems.org/ss-015/,SS-015 — Bentwood Armchair — Retail Seating,,Photographic record of bentwood cane armchair in a retail interior.
16,SS-016,Molded Plywood Lounge Chair — Sidewalk Resale Display,molded plywood lounge chair,Display,retail,"domestic,recreational",commercial,outdoor,United States,New York,Brooklyn,resale,"molded plywood, vinyl upholstery,metal base",discouraged,variable,upright,"withheld,anticipatory,stabilized","A molded plywood lounge chair positioned within a sidewalk resale display. Though structurally capable of supporting extended rest, its placement among stacked and adjacent furniture withdraws it from immediate use. The chair operates as a commodity image rather than a seating instrument, inviting visual evaluation instead of bodily occupation. Comfort is implied but suspended pending purchase.",SS-016.jpeg (https://v5.airtableusercontent.com/v3/u/56/56/1787947200000/cGCHP1IHGaoLuYatTqppGg/CrqopEmzewD7rv99rxKVObwdM43QB2NJ5m5A0psk_pI18c8kE0K1a-TJIqfRYHYwrH46yz73m3z0hrtfTTGIhJpBtm9q3P6UCrzKP9tMDvYc9hjLG6osv8JkE6jYxAgey0xFPw3LoLF1k8dNyuIUf2K-lxHWp9YS66etP9G4NJw/ddMfxS2NwmRTCHz4jZP0F8haTnSnJWD6E58XEvzHh1U),Public,ss-016-molded-plywood-lounge-chair---sidewalk-resale-display,40.679512,-73.997337,https://sittingsystems.org/ss-016/,SS-016 — Molded Plywood Lounge Chair — Sidewalk Resale Display,,Photographic record of molded plywood seating displayed for resale.
17,SS-017,Deep-Seated Armchair — Domestic Rest,deep-seated armchair,Resting,private,domestic,domestic,indoor,France,,Paris,private residence — living room,"upholstered textile,wood frame",usable,extended,reclined,"supported,relaxed","A deep-seated upholstered armchair positioned within a private interior and shown in active use. Its form supports extended rest and asymmetrical bodily orientation, allowing the occupant to recline and elevate the legs without maintaining formal posture. Unlike display or transitional seating, the chair accommodates duration, privacy, and release, functioning as a domestic structure for sustained comfort rather than regulation.",SS-017.jpeg (https://v5.airtableusercontent.com/v3/u/56/56/1787947200000/3jIrW6R9TJxP1_MdYkN89A/4Iavfq0PJdW0vBFCSYmU54bBKbL0r61Xpsju7CvJanBtqItE_FsEYVpRl9l-fkDY8k1f1Z0qpv2H8UFbbQtO5yLqZrUbGbZk_MFVhr_QIYK11iJ1Dxh_RGhw4tyWidV7xZoh4pHs9SgFPLfUze3n2U0QY5hE0JSir6QlarA_4qQ/ZvzPPRp3Ps1uUsFohu6X343JTXxMXBnX_sdgwLXLq84),Public,ss-017-deep-seated-armchair---domestic-rest,48.847808,2.353055,https://sittingsystems.org/ss-017/,SS-017 — Deep-Seated Armchair — Domestic Rest,Yes,Photographic record of deep-seated armchair in active domestic use.
18,SS-018,Ceremonial Upholstered Chair — Louvre Interior,ceremonial upholstered chair,Display,"collective,public","ceremonial,domestic",insitutional,indoor,France,,Paris,museum,"upholstered fabric,gilded wood",controlled,suspended,upright,"self-conscious,restrained","Ceremonial upholstered seating preserved within the Napoleon III Apartments, a largely intact Second Empire interior created in 1861 for Napoleon III’s Minister of State. The chairs organize the room through repetition, ornament, and controlled spacing, producing a social field oriented toward reception rather than relaxation. In the museum setting, their original function survives as image and atmosphere while bodily use is suspended.",SS-018.jpeg (https://v5.airtableusercontent.com/v3/u/56/56/1787947200000/AlaOMi3fbAzLKGQXgTEMqw/LtcIP948gPX0Ksh035Q3HS9FYsZJZf96nILQR3-ncRIjH2wGXTcsQhKyAbarXJozsSUUEMhYtx8a_8g21p-P_Tmr1M8imGfdYc3gGieM8IaLsjFg4CgHNbAxbwwSR9m2Ghhs8KUIdZZAkqAggQxxSptFEKjA4DCo0J3kxL_N4gk/WNL_kD5Nk8FS2Y_CvxMOJ-anDAWO9EeG5TbWLegV4k0),Public,ss-018-ceremonial-upholstered-chair---louvre-interior,48.860970,2.339405,https://sittingsystems.org/ss-018/,SS-018 — Ceremonial Upholstered Chair — Louvre Interior,No,"Photographic record of ceremonial salon seating in the Napoleon III Apartments, Louvre Museum."
19,SS-019,Exposed Upholstery Armchair,upholstered armchair,Waiting,"displaced,public",domestic,transitional,outdoor,United States,Illinois,Chicago,alleyway,upholstered fabric,discouraged,suspended,upright,"supported,relaxed,stabilized","A high-backed upholstered armchair has been displaced from the domestic interior and left against an exterior brick wall. Its faded plaid fabric, rolled arms, and deep seat retain the visual language of private comfort, while torn upholstery exposes foam, batting, and internal construction normally hidden beneath the finished surface. The chair remains recognizably usable, but its displacement and material deterioration shift attention from comfort toward structure, wear, and abandonment.",SS-019.jpeg (https://v5.airtableusercontent.com/v3/u/56/56/1787947200000/gduuehXHf27RfdEC5FoWzw/yqFE4N-vlBuB6CrG46YdZonBtlTL1USfA0GnV9xHeBc_kzF37zowP53ZYuKkNSNBZEE-YQAyROVT2MF5wXdb9G-xn9qad0_g6GrVPFrcdCM0QQixV5o_tgIGZl9lgHuk9-mJCeBiRGWQsb208-AfK07yicp2mVLH7hp-QL_QmJ8/eCsJGNiocGas_ytsmUFECHjGj9cQJrPIeOtKimpoWQw),Public,ss-019-exposed-upholstery-armchair,41.857783,-87.656975,https://sittingsystems.org/ss-019/,SS-019 — Exposed Upholstery Armchair,No,Photographic record of discarded upholstered armchair in Chicago alleyway.